{"cameraMode":{"drawMode":0,"name":"Shaded","section":"Shading Mode"},"sceneLighting":false,"audioPlay":false,"sceneViewState":{"showFog":true,"showMaterialUpdate":false,"showSkybox":true,"showFlares":true,"showImageEffects":true,"showParticleSystems":true},"in2DMode":false,"pivot":{"x":1.2382698059082032,"y":0.005733803380280733,"z":0.3140518367290497},"rotation":{"x":-0.17716747522354127,"y":-0.5414764285087586,"z":0.11798245459794998,"w":-0.8133076429367065},"size":3.1794984340667726,"orthographic":false}